<templateSet group="weplay">
  <template name="logd" value="com.wepie.liblog.LogUtil.d(&quot;$ClassName$&quot;, &quot;$MethodName$: msg&quot;);" description="LogUtil.d(string,string);" toReformat="true" toShortenFQNames="true">
    <variable name="ClassName" expression="className()" defaultValue="" alwaysStopAt="true" />
    <variable name="MethodName" expression="methodName()" defaultValue="" alwaysStopAt="true" />
    <context>
      <option name="JAVA_CODE" value="true" />
    </context>
  </template>
  <template name="loge" value="com.wepie.liblog.LogUtil.e(&quot;$ClassName$&quot;, &quot;$MethodName$: msg&quot;);" description="LogUtil.e(string,string);" toReformat="true" toShortenFQNames="true">
    <variable name="ClassName" expression="className()" defaultValue="" alwaysStopAt="true" />
    <variable name="MethodName" expression="methodName()" defaultValue="" alwaysStopAt="true" />
    <context>
      <option name="JAVA_CODE" value="true" />
    </context>
  </template>
  <template name="loge.throw" value="com.wepie.liblog.LogUtil.e(&quot;$ClassName$&quot;, &quot;$MethodName$&quot;, e);" description="LogUtil.e(string,string,Throwable);" toReformat="true" toShortenFQNames="true">
    <variable name="ClassName" expression="className()" defaultValue="" alwaysStopAt="true" />
    <variable name="MethodName" expression="methodName()" defaultValue="" alwaysStopAt="true" />
    <context>
      <option name="JAVA_CODE" value="true" />
    </context>
  </template>
  <template name="logi" value="com.wepie.liblog.LogUtil.i(&quot;$ClassName$&quot;, &quot;$MethodName$: msg&quot;);" description="LogUtil.i(string,string);" toReformat="true" toShortenFQNames="true">
    <variable name="ClassName" expression="className()" defaultValue="" alwaysStopAt="true" />
    <variable name="MethodName" expression="methodName()" defaultValue="" alwaysStopAt="true" />
    <context>
      <option name="JAVA_CODE" value="true" />
    </context>
  </template>
  <template name="logw" value="com.wepie.liblog.LogUtil.warn(&quot;$ClassName$&quot;, &quot;$MethodName$: msg&quot;);" description="LogUtil.warn(string,string);" toReformat="true" toShortenFQNames="true">
    <variable name="ClassName" expression="className()" defaultValue="" alwaysStopAt="true" />
    <variable name="MethodName" expression="methodName()" defaultValue="" alwaysStopAt="true" />
    <context>
      <option name="JAVA_CODE" value="true" />
    </context>
  </template>
  <template name="logu" value="com.wepie.liblog.LogUtil.upload(com.welib.alinetlog.AliNetLogUtil.PORT.mixed, com.welib.alinetlog.AliNetLogUtil.TYPE.debug, &quot;&quot;);" description="LogUtil.upload(port,type,string);" toReformat="true" toShortenFQNames="true">
    <context>
      <option name="JAVA_CODE" value="true" />
      <option name="KOTLIN" value="true" />
    </context>
  </template>
  <template name="flogu" value="com.wepie.wespy.base.FlitterLogUtil.logD(com.welib.alinetlog.AliNetLogUtil.PORT.mixed, &quot;&quot;);" description="FlitterLogUtil.logD(port,type,string);" toReformat="true" toShortenFQNames="true">
    <context>
      <option name="JAVA_CODE" value="true" />
      <option name="KOTLIN" value="true" />
    </context>
  </template>
  <template name="toast" value="com.huiwan.base.util.ToastUtil.show(&quot;&quot;)" description="ToastUtil.show(string)" toReformat="false" toShortenFQNames="true">
    <context>
      <option name="JAVA_CODE" value="true" />
      <option name="KOTLIN" value="true" />
    </context>
  </template>
  <template name="topwarn" value="com.huiwan.base.ui.toast.HWUIToast.showTopWarn(&quot;&quot;)" description="HWUIToast.showTopWarn(string)" toReformat="false" toShortenFQNames="true">
    <context>
      <option name="JAVA_CODE" value="true" />
      <option name="KOTLIN" value="true" />
    </context>
  </template>
  <template name="topsuc" value="com.huiwan.base.ui.toast.HWUIToast.showTopSuccess(&quot;&quot;);" description="HWUIToast.showTopSuccess(string)" toReformat="false" toShortenFQNames="true">
    <context>
      <option name="JAVA_CODE" value="true" />
      <option name="KOTLIN" value="true" />
    </context>
  </template>
  <template name="topfail" value="com.huiwan.base.ui.toast.HWUIToast.showTopFail(&quot;&quot;);" description="HWUIToast.showTopFail(string)" toReformat="false" toShortenFQNames="true">
    <context>
      <option name="JAVA_CODE" value="true" />
      <option name="KOTLIN" value="true" />
    </context>
  </template>
  <template name="topnormal" value="com.huiwan.base.ui.toast.HWUIToast.showTopNormal(&quot;&quot;);" description="HWUIToast.showTopNormal(string)" toReformat="false" toShortenFQNames="true">
    <context>
      <option name="JAVA_CODE" value="true" />
      <option name="KOTLIN" value="true" />
    </context>
  </template>
  <template name="cdialog" value="com.huiwan.base.ui.dialog.BaseFullScreenDialog baseFullScreenDialog = new com.huiwan.base.ui.dialog.BaseFullScreenDialog(context, R.style.dialog_style_custom);&#10;baseFullScreenDialog.setContentView($view$);&#10;baseFullScreenDialog.initFullScreenDialog();&#10;baseFullScreenDialog.show();" description="创建一个BaseFullScreenDialog并展示" toReformat="false" toShortenFQNames="true">
    <variable name="view" expression="completeSmart()" defaultValue="" alwaysStopAt="true" />
    <context>
      <option name="JAVA_CODE" value="true" />
    </context>
  </template>
</templateSet>